pivot,input,n,millis,compares,moves,maxDepth,sorted
first,random,1000,0.150,10690,15138,23,1
first,random,2000,0.303,25785,36309,25,1
first,random,4000,0.647,56172,69603,31,1
first,random,8000,1.462,121355,178416,37,1
first,random,16000,3.108,260321,379377,32,1
first,sorted,1000,1.431,499500,0,1000,1
first,sorted,2000,5.763,1999000,0,2000,1
first,sorted,4000,23.402,7998000,0,4000,1
first,sorted,8000,91.973,31996000,0,8000,1
first,sorted,16000,391.530,127992000,0,16000,1
random,random,1000,0.170,11529,14958,23,1
random,random,2000,0.349,23698,33915,23,1
random,random,4000,0.838,51565,79221,24,1
random,random,8000,1.920,122615,182010,28,1
random,random,16000,3.894,266623,401277,33,1
random,sorted,1000,0.076,11672,2898,23,1
random,sorted,2000,0.177,25915,6030,27,1
random,sorted,4000,0.334,51021,12024,27,1
random,sorted,8000,0.748,115407,23958,30,1
random,sorted,16000,1.652,255240,47982,31,1
