scope,input,n,algo,millis,compares,moves,extraBytes,maxDepth,sorted,stable
kinds,random,100000,mergeSort,40.314,1536522,3337856,800008,18,1,1
kinds,random,100000,quickSort,29.377,1995576,2952912,8,42,1,0
kinds,random,100000,heapSort,34.519,3019411,2075059,8,1,1,0
kinds,sorted,100000,mergeSort,25.07,853904,3337856,800008,18,1,1
kinds,sorted,100000,quickSort,13.13,1967664,300366,8,37,1,1
kinds,sorted,100000,heapSort,26.493,3112517,2150850,8,1,1,1
kinds,reversed,100000,mergeSort,21.629,815024,3337856,800008,18,1,1
kinds,reversed,100000,quickSort,16.916,1948244,2341506,8,45,1,1
kinds,reversed,100000,heapSort,33.429,2926640,1997430,8,1,1,1
kinds,nearly-sorted,100000,mergeSort,26.771,1344288,3337856,800008,18,1,1
kinds,nearly-sorted,100000,quickSort,16.878,1986906,1908471,8,39,1,1
kinds,nearly-sorted,100000,heapSort,36.699,3110796,2148967,8,1,1,1
kinds,few-unique,100000,mergeSort,30.924,1469621,3337856,800008,18,1,1
kinds,few-unique,100000,quickSort,2157.001,625315994,750192,8,12661,1,0
kinds,few-unique,100000,heapSort,23.837,2692054,1877843,8,1,1,0
growth,random,1000,mergeSort,0.204,8742,19952,8008,11,1,1
growth,random,1000,quickSort,0.149,11529,14958,8,23,1,1
growth,random,1000,heapSort,0.188,16865,14086,8,1,1,1
growth,random,4000,mergeSort,0.951,42867,95808,32008,13,1,1
growth,random,4000,quickSort,0.681,51565,79221,8,24,1,1
growth,random,4000,heapSort,0.85,83399,64259,8,1,1,1
growth,random,16000,mergeSort,4.541,203320,447232,128008,15,1,1
growth,random,16000,quickSort,3.514,266623,401277,8,33,1,1
growth,random,16000,heapSort,4.302,397512,289123,8,1,1,1
growth,random,64000,mergeSort,22.629,941151,2044928,512008,17,1,1
growth,random,64000,quickSort,18.622,1266943,1894419,8,39,1,1
growth,random,64000,heapSort,20.018,1846185,1284781,8,1,1,1
growth,random,256000,mergeSort,105.363,4276555,9203712,2048008,19,1,1
growth,random,256000,quickSort,87.066,5386403,8253351,8,42,1,0
growth,random,256000,heapSort,91.735,8410504,5651576,8,1,1,0
growth,random,1024000,mergeSort,440.49,19154395,40910848,8192008,21,1,1
growth,random,1024000,quickSort,350.142,25361006,37330443,8,51,1,0
growth,random,1024000,heapSort,675.474,37737649,24655483,8,1,1,0
